,tamanho,tempo,descricao,interacoes,reviews,state
0,8,7787411.0,472,31,1,MERGED
1,17,36160290.0,770,42,13,CLOSED
2,1,564252.0,2238,8,1,MERGED
3,1,4084861.0,2457,17,1,MERGED
4,1,2559226.0,2027,5,1,CLOSED
5,1,1668560.0,2026,3,1,MERGED
6,1,1383728.0,0,5,4,MERGED
7,3,1318619.0,855,3,2,MERGED
8,1,25921.0,195,3,1,CLOSED
9,1,27689.0,1900,1,1,MERGED
10,1,2171232.0,1973,22,3,MERGED
11,1,25912.0,2419,1,2,MERGED
12,2,1682241.0,473,36,1,MERGED
13,3,3100801.0,2316,23,11,MERGED
14,1,1285500.0,190,10,2,MERGED
15,1,2103553.0,1759,4,2,MERGED
16,1,84109.0,1906,7,3,MERGED
17,6,3681592.0,2312,12,4,CLOSED
18,2,262815.0,139,0,3,MERGED
19,3,56244.0,1906,6,1,MERGED
20,1,1727192.0,1896,8,1,MERGED
21,2,43674.0,44,0,1,MERGED
22,2,2506501.0,2322,22,15,MERGED
23,1,30098.0,2319,2,1,MERGED
24,1,15399.0,1783,0,1,MERGED
25,1,6302.0,1939,2,1,MERGED
26,1,44117.0,2132,3,1,CLOSED
27,1,160903.0,2018,5,3,MERGED
28,1,35183.0,1943,1,1,MERGED
29,25,9869779.0,0,50,1,MERGED
30,7,208556.0,111,0,1,MERGED
31,1,424697.0,1137,4,2,MERGED
32,1,6385.0,69,3,2,MERGED
33,1,12095.0,1916,4,3,MERGED
34,1,12950.0,984,2,1,MERGED
35,1,22994.0,2169,0,1,MERGED
36,1,117415.0,2074,8,1,MERGED
37,1,103184.0,2154,6,2,CLOSED
38,1,251768.0,2840,8,1,MERGED
39,1,82296.0,1901,6,7,MERGED
40,1,40953.0,2008,2,1,MERGED
41,6,29377.0,1998,7,1,CLOSED
42,1,8074.0,1971,1,1,MERGED
43,1,6273.0,2360,1,1,MERGED
44,4,1732189.0,0,10,1,MERGED
45,1,336650.0,2056,11,2,MERGED
46,5,97801.0,1750,1,1,CLOSED
47,1,337269.0,2530,4,1,MERGED
48,12,5098455.0,1986,24,28,MERGED
49,9,4237036.0,1970,28,30,MERGED
50,1,35331.0,1959,0,2,MERGED
51,1,2786426.0,2055,5,4,MERGED
52,1,234987.0,1962,4,5,MERGED
53,1,6220601.0,2319,15,9,CLOSED
54,6,6661696.0,1955,15,10,MERGED
55,1,288286.0,1671,7,6,MERGED
56,1,254370.0,1939,8,3,MERGED
57,1,220720.0,2068,3,4,MERGED
58,1,1024077.0,5802,14,1,CLOSED
59,1,228999.0,2150,3,3,MERGED
60,1,197418.0,2052,1,2,MERGED
61,1,165521.0,2199,6,6,MERGED
62,1,118063.0,2025,3,2,MERGED
63,2,387384.0,1902,17,5,MERGED
64,1,11636.0,320,0,7,MERGED
65,1,2104066.0,2220,6,8,MERGED
66,34,47989.0,114,0,1,MERGED
67,1,47498.0,1886,7,1,MERGED
68,1,394107.0,2015,3,7,MERGED
69,15,10356153.0,2258,23,14,MERGED
70,1,583289.0,2051,8,2,MERGED
71,32,14191802.0,369,21,7,CLOSED
72,1,90440.0,3998,0,3,MERGED
73,4,2033894.0,2150,15,10,MERGED
74,1,5391.0,1952,0,1,MERGED
75,2,1077407.0,1915,10,3,MERGED
76,1,43862.0,1995,0,1,MERGED
77,1,55298.0,3014,2,1,MERGED
78,3,450848.0,1930,3,2,MERGED
79,1,15011.0,1348,0,1,MERGED
80,5,32591.0,2063,0,1,MERGED
81,1,13637.0,60,2,1,MERGED
82,1,19411.0,2284,1,1,MERGED
83,5,3595132.0,2377,4,3,MERGED
84,1,460619.0,3777,16,1,MERGED
85,2,2747779.0,2310,9,6,CLOSED
86,1,767181.0,1985,11,3,MERGED
87,2,55479.0,1913,2,1,CLOSED
88,1,185672.0,4905,3,1,CLOSED
89,3,3630556.0,2144,12,6,MERGED
90,2,3035325.0,1977,2,1,MERGED
91,1,139281.0,2023,1,2,MERGED
92,1,112224.0,4041,3,6,MERGED
93,1,41700.0,2132,5,1,MERGED
94,1,45104.0,2058,5,5,MERGED
95,1,75781.0,2038,5,2,MERGED
96,1,59539.0,2023,0,2,CLOSED
97,1,7824.0,2093,8,4,MERGED
98,1,735725.0,2000,5,2,CLOSED
99,1,171075.0,2131,5,1,MERGED
100,1,56174.0,1913,2,2,CLOSED
101,1,373333.0,10286,1,1,CLOSED
102,3,339063.0,2044,4,3,MERGED
103,1,86715.0,1913,2,2,MERGED
104,1,636428.0,2024,8,5,MERGED
105,1,228829.0,103,2,1,MERGED
106,1,28635.0,1913,0,1,MERGED
107,1,4188622.0,426,11,7,CLOSED
108,1,4075916.0,1956,10,15,MERGED
109,3,2454601.0,2118,2,2,MERGED
110,3,32430.0,425,1,1,MERGED
111,5,6078784.0,2033,1,2,CLOSED
112,1,114632.0,2032,4,2,MERGED
113,1,2132523.0,8831,5,1,CLOSED
114,6,3710757.0,291,16,9,MERGED
115,1,13605.0,2029,5,1,MERGED
116,1,1316798.0,1985,1,1,MERGED
117,1,60531.0,1970,7,2,MERGED
118,3,2971067.0,2052,11,3,MERGED
119,1,6868.0,2004,8,8,MERGED
120,1,45044.0,1760,3,2,MERGED
121,1,135270.0,2058,0,2,MERGED
122,1,83970.0,1965,1,1,MERGED
123,4,330665.0,321,2,1,MERGED
124,1,300231.0,1715,1,1,MERGED
125,1,294583.0,2056,1,1,MERGED
126,2,16910.0,1911,1,1,MERGED
127,1,178186.0,1928,7,2,CLOSED
128,6,90478.0,13,1,3,MERGED
129,1,41539.0,146,3,1,MERGED
130,1,196585.0,3704,3,4,MERGED
131,1,286567.0,2138,1,1,MERGED
132,1,1192451.0,2211,8,6,MERGED
133,1,91330.0,0,4,2,MERGED
134,1,643645.0,2467,7,7,MERGED
135,1,74342.0,895,4,1,MERGED
136,1,71946.0,1926,0,1,MERGED
137,1,54355.0,1913,5,1,CLOSED
138,1,156961.0,1940,5,2,MERGED
139,1,344312.0,1943,3,1,MERGED
140,1,85688.0,190,0,1,MERGED
141,23,34465.0,2038,1,1,MERGED
142,33,3975490.0,179,2,1,MERGED
143,1,612666.0,934,6,1,MERGED
144,24,83858.0,2846,4,1,CLOSED
145,1,22371.0,460,2,4,MERGED
146,1,10808.0,2448,0,1,MERGED
147,1,49660.0,2147,0,1,MERGED
148,23,10905572.0,2152,9,8,CLOSED
149,5,10921.0,2558,1,3,MERGED
150,1,3628.0,1963,1,1,MERGED
151,2,206245.0,2747,4,1,MERGED
152,1,27586.0,2124,0,1,MERGED
153,1,242919.0,2253,8,2,MERGED
154,25,39977.0,0,0,1,MERGED
155,1,104720.0,2147,3,1,MERGED
156,1,24700.0,1768,1,4,MERGED
157,3,64043.0,2149,3,2,MERGED
158,1,7257.0,1978,0,1,MERGED
159,1,3791.0,1936,0,1,MERGED
160,52,2309832.0,2095,6,2,CLOSED
161,1,156251.0,2189,1,3,MERGED
162,1,24320.0,2090,0,1,MERGED
163,1,433178.0,2421,3,1,MERGED
164,1,249969.0,1708,2,2,MERGED
165,2,197287.0,2494,1,3,CLOSED
166,1,23424.0,2041,0,1,MERGED
167,1,49081.0,2017,3,3,MERGED
168,1,48299.0,2926,1,1,MERGED
169,1,29970.0,2203,1,2,MERGED
170,1,238415.0,2176,7,5,MERGED
171,1,313845.0,2338,13,7,MERGED
172,3,356090.0,2316,10,2,MERGED
173,2,254949.0,2509,3,1,MERGED
174,6,18961757.0,1405,8,1,CLOSED
175,1,423644.0,2181,2,3,MERGED
176,1,347479.0,1275,4,4,MERGED
177,1,495988.0,1912,5,15,MERGED
178,1,113454.0,2137,1,3,MERGED
179,1,555777.0,1983,14,5,MERGED
180,1,217760.0,1701,2,1,MERGED
181,1,238324.0,3438,8,6,MERGED
182,3,40139.0,1976,0,1,MERGED
183,22,452694.0,2238,5,2,MERGED
184,1,739386.0,1628,3,14,MERGED
185,1,75092.0,1235,1,4,MERGED
186,1,73109.0,2865,7,4,MERGED
187,1,5585.0,1994,2,1,CLOSED
188,1,57695.0,1764,2,1,MERGED
189,1,28097.0,2468,0,7,MERGED
190,1,16725.0,2403,0,1,MERGED
191,1,228091.0,2819,4,10,MERGED
192,1,280319.0,2227,4,8,MERGED
193,1,64013.0,2230,0,1,MERGED
194,1,9150.0,1986,1,1,MERGED
195,1,623573.0,2014,5,1,MERGED
196,2,18511551.0,1477,12,10,CLOSED
197,1,4627281.0,4910,1,1,CLOSED
198,1,79245.0,2025,2,2,MERGED
199,1,78663.0,2170,1,2,MERGED
200,1,587784.0,1124,0,7,MERGED
201,1,63170.0,1650,1,1,MERGED
202,1,20981.0,2123,0,2,MERGED
203,1,5263.0,2638,0,1,MERGED
204,26,78126.0,2943,7,6,MERGED
205,1,23398.0,2089,0,1,MERGED
206,1,14715.0,2172,0,1,MERGED
207,1,8341.0,2393,0,1,MERGED
208,1,8418.0,2319,0,1,MERGED
209,1,3934.0,168,0,1,MERGED
210,1,1898771.0,1912,9,3,MERGED
211,1,18786.0,3133,1,1,MERGED
212,1,44969.0,1865,0,3,CLOSED
213,1,51258.0,2061,0,1,MERGED
214,1,47269.0,2017,0,1,MERGED
215,1,18851.0,1786,1,1,MERGED
216,1,78758.0,1983,2,1,MERGED
217,1,44258.0,2164,2,2,MERGED
218,1,7842.0,2276,2,3,MERGED
219,1,324462.0,2636,9,6,MERGED
220,1,3956.0,1950,1,2,MERGED
221,1,710489.0,2118,8,10,MERGED
222,1,13055.0,967,2,2,MERGED
223,1,571954.0,2371,6,12,MERGED
224,2,1994154.0,2536,9,4,MERGED
225,6,240821.0,1956,3,1,MERGED
226,1,4113.0,1799,4,1,MERGED
227,1,84379.0,2181,2,1,MERGED
228,1,94833.0,2028,0,1,MERGED
229,1,165400.0,1773,2,1,MERGED
230,1,481250.0,2391,2,4,MERGED
231,2,415681.0,149,8,2,MERGED
232,1,1739210.0,2480,15,4,CLOSED
233,1,3996.0,1964,0,1,MERGED
234,2,8874.0,1894,3,10,MERGED
235,2,6035672.0,2063,9,7,MERGED
236,3,853116.0,2290,9,4,MERGED
237,1,187315.0,1168,1,5,MERGED
238,2,21106.0,104,2,1,MERGED
239,1,282940.0,2117,1,1,MERGED
240,1,651164.0,2343,8,2,MERGED
241,1,10355.0,1974,0,1,MERGED
242,1,98187.0,2101,5,1,MERGED
243,2,56416.0,2050,1,1,MERGED
244,1,498707.0,2135,6,1,MERGED
245,1,4926.0,2392,1,2,MERGED
246,0,252540.0,1947,0,3,CLOSED
247,1,575559.0,1961,4,8,MERGED
248,1,928816.0,2130,1,6,MERGED
249,1,11761.0,2056,0,1,MERGED
250,1,99696.0,403,1,2,MERGED
251,1,8923.0,1938,0,1,MERGED
252,1,6044672.0,2356,17,3,CLOSED
253,1,59339.0,2030,3,2,MERGED
254,1,31986.0,2058,0,3,CLOSED
255,1,234179.0,2167,1,2,MERGED
256,1,54931.0,2216,0,1,MERGED
257,1,103773.0,2041,0,3,MERGED
258,1,186237.0,2108,5,3,MERGED
259,1,4172.0,1912,0,1,MERGED
260,4,11369.0,1684,2,1,CLOSED
261,1,217933.0,2629,1,7,MERGED
262,1,4566.0,1970,0,1,MERGED
263,1,80198.0,1968,2,3,MERGED
264,1,4398.0,1951,0,1,MERGED
265,4,23796.0,1958,3,1,MERGED
266,1,171128.0,2587,7,4,MERGED
267,1,34987.0,2022,6,1,MERGED
268,1,28020.0,2017,0,1,MERGED
269,1,20999.0,2084,0,6,MERGED
270,1,4549.0,2014,0,1,MERGED
271,1,36656.0,1300,2,1,MERGED
272,1,351447.0,2258,2,2,MERGED
273,1,6072.0,2802,0,2,MERGED
274,24,342494.0,2383,1,3,MERGED
275,1,84571.0,1912,4,1,MERGED
276,2,8269917.0,847,6,3,CLOSED
277,1,302863.0,2263,2,3,MERGED
278,1,67275.0,2410,0,1,MERGED
279,1,64996.0,2285,0,1,MERGED
280,1,12741.0,4799,0,1,CLOSED
281,1,69662.0,2201,1,3,MERGED
282,1,57595.0,2065,1,3,MERGED
283,1,12571.0,1953,0,1,MERGED
284,1,1069551.0,2005,3,3,MERGED
285,1,24921.0,2181,1,1,MERGED
286,1,13790.0,2015,0,1,MERGED
287,1,211948.0,2389,6,3,MERGED
288,1,265862.0,2055,2,7,CLOSED
289,23,5816475.0,1966,9,3,MERGED
290,1,978320.0,2935,5,1,MERGED
291,1,65765.0,2116,0,1,MERGED
292,1,1129848.0,2124,4,10,MERGED
293,4,303250.0,1913,7,2,MERGED
294,1,9982.0,2196,3,1,MERGED
295,1,10945.0,2088,1,1,MERGED
296,1,1935015.0,2009,11,6,MERGED
297,1,137261.0,2460,2,1,MERGED
298,1,283983.0,3213,0,1,MERGED
299,1,68707.0,1909,3,1,CLOSED
300,1,54811.0,1948,2,1,MERGED
301,1,30113.0,2251,0,1,MERGED
302,4,4072213.0,552,12,7,MERGED
303,1,4511803.0,2318,10,3,CLOSED
304,1,1229662.0,2571,0,1,MERGED
305,1,167456.0,2543,1,3,MERGED
306,1,682748.0,2051,1,1,MERGED
307,1,4485790.0,2003,16,5,CLOSED
308,1,1604162.0,2085,12,4,MERGED
309,2,104124.0,2272,8,9,MERGED
310,2,8804895.0,1723,13,6,MERGED
311,1,376134.0,2353,1,3,MERGED
312,1,195900.0,2112,0,1,MERGED
313,1,4481775.0,3473,16,8,MERGED
314,1,294684.0,2213,1,7,MERGED
315,1,79356.0,2142,5,4,MERGED
316,1,325982.0,1880,5,7,MERGED
317,1,8765.0,1971,0,1,MERGED
318,1,1957836.0,2017,7,1,CLOSED
319,1,54667.0,2081,0,1,MERGED
320,1,21109.0,1983,0,1,MERGED
321,1,116915.0,2051,1,1,MERGED
322,1,3556488.0,2771,6,1,MERGED
323,1,144768.0,2513,0,1,MERGED
324,2,101075.0,2101,7,5,MERGED
325,1,678791.0,2380,9,7,MERGED
326,1,258929.0,2018,4,1,MERGED
327,1,3489969.0,2317,11,1,MERGED
328,1,113283.0,2006,2,1,MERGED
329,1,14306765.0,4946,0,1,CLOSED
330,11,171971.0,1973,7,4,MERGED
331,2,645373.0,2257,4,3,MERGED
332,1,2457082.0,2176,2,2,MERGED
333,5,2015643.0,2022,12,13,MERGED
334,1,727431.0,2302,12,2,MERGED
335,1,117447.0,1960,0,1,MERGED
336,1,543170.0,8010,1,1,CLOSED
337,1,2152965.0,2163,0,1,MERGED
338,1,1440020.0,2006,1,1,MERGED
339,1,467481.0,1966,1,1,MERGED
340,1,1285568.0,2326,9,1,MERGED
341,1,13166905.0,2044,2,5,CLOSED
342,1,13170634.0,2041,5,3,CLOSED
343,1,25745.0,2304,0,1,MERGED
344,1,583688.0,2003,2,1,MERGED
345,1,81956.0,2090,1,1,MERGED
346,1,255929.0,2278,3,1,MERGED
347,1,8905933.0,2438,8,1,MERGED
348,1,839034.0,1986,0,1,MERGED
349,1,55019.0,1086,3,2,MERGED
350,1,45095.0,2090,4,1,MERGED
351,1,210489.0,0,1,1,MERGED
352,1,11631716.0,2169,0,2,CLOSED
353,1,4611990.0,2403,8,1,MERGED
354,1,264251.0,2068,1,1,MERGED
355,1,5635422.0,2496,2,1,MERGED
356,1,5505741.0,2579,4,2,MERGED
357,1,124767.0,1990,8,2,MERGED
358,1,599076.0,911,4,1,MERGED
359,3,1918729.0,93,3,4,MERGED
360,4,1518545.0,2361,1,7,CLOSED
361,1,8210.0,2173,0,1,MERGED
362,1,238850.0,2069,3,1,MERGED
363,1,76338.0,1952,4,1,MERGED
364,1,43366.0,2121,7,3,MERGED
365,1,6757.0,2051,1,1,MERGED
366,1,5170984.0,1429,3,1,MERGED
367,1,50933.0,2104,1,1,MERGED
368,1,63775.0,1939,1,1,MERGED
369,1,465697.0,2174,1,1,MERGED
370,1,1793258.0,1456,3,5,MERGED
371,1,247910.0,2057,0,1,MERGED
372,1,156830.0,2144,0,1,MERGED
373,1,102926.0,2133,2,1,MERGED
374,1,89233.0,1987,5,1,MERGED
375,1,3171030.0,1980,5,1,CLOSED
376,1,627579.0,2249,4,1,MERGED
377,36,9238892.0,4118,7,4,CLOSED
378,1,878885.0,2052,0,1,MERGED
379,6,1426372.0,2097,4,10,MERGED
380,2,2691223.0,2116,13,3,MERGED
381,5,6646715.0,3715,17,4,MERGED
382,1,366280.0,2320,2,2,MERGED
383,1,86079.0,255,5,1,MERGED
384,1,293123.0,1984,1,1,MERGED
385,3,1248919.0,563,6,3,MERGED
386,1,181449.0,2195,6,2,MERGED
387,1,53049.0,2246,1,1,MERGED
388,1,47260.0,115,3,2,MERGED
389,1,2245461.0,1774,0,1,MERGED
390,4,3853757.0,28,9,1,MERGED
391,4,7722871.0,261,12,17,CLOSED
392,1,407924.0,61,0,1,MERGED
393,1,38647.0,1970,4,1,MERGED
394,1,13408.0,2273,4,1,MERGED
395,1,66475.0,929,6,1,MERGED
396,1,26263.0,2068,8,1,MERGED
397,11,138236.0,2000,0,2,MERGED
398,1,103022.0,104,3,1,MERGED
399,2,42384.0,1602,2,1,MERGED
400,1,1599247.0,2052,4,1,MERGED
401,1,859180.0,2050,2,1,MERGED
402,1,843175.0,1978,2,1,MERGED
403,1,194658.0,2031,3,1,MERGED
404,7,346702.0,2149,3,3,MERGED
405,1,740674.0,2165,0,1,MERGED
406,1,416239.0,1667,2,1,MERGED
407,14,258415.0,1714,1,2,MERGED
408,6,8152037.0,2221,8,2,MERGED
409,1,611665.0,1984,3,1,MERGED
410,1,6159910.0,2014,7,1,MERGED
411,1,17030.0,442,1,1,CLOSED
412,1,148968.0,2121,4,1,MERGED
413,1,438450.0,1690,9,6,MERGED
414,2,38082.0,0,3,1,MERGED
415,1,325923.0,1726,9,4,MERGED
416,1,83852.0,0,0,1,MERGED
417,1,65113.0,2099,0,1,MERGED
418,3,231256.0,88,2,1,MERGED
419,1,56988.0,1879,3,3,MERGED
420,1,39767.0,2252,1,1,MERGED
421,1,4706835.0,2120,2,2,MERGED
422,17,147123.0,685,1,1,MERGED
423,1,4475964.0,2059,1,3,CLOSED
424,1,8008453.0,2518,19,10,MERGED
425,1,8004838.0,2268,10,11,CLOSED
426,1,1039015.0,2026,6,3,MERGED
427,1,956129.0,1980,4,2,MERGED
428,1,446129.0,3031,14,25,MERGED
429,1,284850.0,2139,4,1,MERGED
430,2,70779.0,98,7,1,MERGED
431,1,152846.0,2104,4,3,MERGED
432,7,521541.0,1945,18,6,MERGED
433,1,49222.0,2051,0,1,MERGED
434,1,6057637.0,2041,17,5,MERGED
435,1,1986360.0,1978,12,4,MERGED
436,1,36724.0,1940,2,1,MERGED
437,15,1589307.0,71,7,2,MERGED
438,2,264498.0,2218,1,2,MERGED
439,1,1883514.0,2380,3,5,MERGED
440,3,1129656.0,2205,6,2,MERGED
441,1,915324.0,6099,3,2,CLOSED
442,1,1994291.0,924,5,4,MERGED
443,1,9529880.0,1032,6,1,CLOSED
444,3,613416.0,1322,5,6,MERGED
445,40,532427.0,1104,4,2,MERGED
446,1,4117949.0,50,2,1,CLOSED
447,1,310952.0,2251,6,2,MERGED
448,1,5241726.0,2352,11,4,MERGED
449,1,63629.0,1929,3,3,MERGED
450,1,38981.0,2000,1,1,MERGED
451,2,331826.0,2647,17,4,MERGED
452,1,2053289.0,1991,7,1,MERGED
453,1,241291.0,2290,1,4,CLOSED
454,1,221079.0,2011,1,1,MERGED
455,3,1423759.0,294,2,1,MERGED
456,2,8099033.0,2228,2,3,CLOSED
457,1,2495868.0,2054,9,1,CLOSED
458,1,130436.0,2060,7,2,MERGED
459,1,1333105.0,1838,4,2,MERGED
460,1,1839948.0,1620,1,1,MERGED
461,2,123188.0,1163,6,2,MERGED
462,1,232748.0,167,1,6,MERGED
463,2,336248.0,2043,10,3,MERGED
464,1,443155.0,1904,8,6,MERGED
465,1,1436262.0,2459,0,1,MERGED
466,2,125208.0,2166,10,1,MERGED
467,1,246942.0,1948,0,1,MERGED
468,2,5023277.0,2471,1,1,CLOSED
469,1,643637.0,1972,1,3,MERGED
470,1,6703017.0,1978,5,2,MERGED
471,7,3419324.0,436,5,2,MERGED
472,1,3254962.0,1926,1,1,CLOSED
473,1,577938.0,1926,0,2,MERGED
474,1,667034.0,1926,0,1,MERGED
475,1,574435.0,1926,0,1,MERGED
476,2,1064325.0,2045,29,9,MERGED
477,1,200164.0,2070,1,1,MERGED
478,1,12824.0,1927,4,2,CLOSED
479,1,10292.0,1926,3,1,CLOSED
480,1,4592.0,2007,0,1,MERGED
481,1,6822443.0,1926,9,2,MERGED
482,2,678007.0,2342,4,1,MERGED
483,1,86906.0,2036,6,1,MERGED
484,2,3739646.0,2007,0,1,MERGED
485,3,4256745.0,1433,6,1,CLOSED
486,1,3493765.0,207,2,1,MERGED
487,1,3903766.0,2006,7,2,MERGED
488,1,5226502.0,25965,9,2,MERGED
489,1,341259.0,1636,3,1,MERGED
490,1,112359.0,1078,0,1,MERGED
491,1,18677.0,2145,2,1,MERGED
492,11,1179463.0,6715,114,1,CLOSED
493,1,573762.0,2132,1,1,MERGED
494,6,118535.0,17,4,1,MERGED
495,6,5298.0,43,3,2,MERGED
496,1,29814.0,2020,0,1,MERGED
497,1,3986.0,2094,4,2,MERGED
498,4,68111.0,2134,13,1,MERGED
499,1,19748.0,2099,0,1,MERGED
500,1,16351.0,1924,0,1,MERGED
501,1,103978.0,2237,1,2,MERGED
502,1,22010.0,2094,6,1,MERGED
503,1,10847.0,1319,4,1,CLOSED
504,29,773723.0,13,7,2,MERGED
505,30,2056339.0,14,9,10,CLOSED
506,21,159216.0,13,3,3,MERGED
507,1,527951.0,1629,3,2,MERGED
508,4,423923.0,1926,1,1,MERGED
509,1,506217.0,2147,10,3,MERGED
510,3,52341.0,2232,2,4,MERGED
511,9,674888.0,2537,15,16,CLOSED
512,2,67814.0,14,2,1,MERGED
513,3,213429.0,3527,5,6,MERGED
514,4,95280.0,2227,7,2,MERGED
515,1,305575.0,113,1,1,MERGED
516,1,70778.0,2080,0,1,MERGED
517,1,106478.0,2083,2,8,MERGED
518,1,61107.0,2056,13,3,MERGED
519,1,31409.0,2343,4,3,MERGED
520,9,484309.0,81,2,1,MERGED
521,1,1273214.0,2072,11,3,CLOSED
522,1,1807021.0,2281,6,2,MERGED
523,23,583095.0,331,27,3,MERGED
524,1,445280.0,1949,2,2,MERGED
525,1,1687868.0,2321,3,2,MERGED
526,1,510959.0,1031,0,1,MERGED
527,2,30915.0,1942,3,1,CLOSED
528,1,51160.0,1786,3,8,MERGED
529,1,151485.0,1943,8,3,MERGED
530,1,48655.0,2060,1,1,MERGED
531,1,1558598.0,3279,4,2,MERGED
532,1,13771.0,2099,3,1,MERGED
533,6,5106764.0,1927,18,4,MERGED
534,1,185763.0,2002,3,1,MERGED
535,5,840525.0,364,6,5,MERGED
536,1,93363.0,1119,8,2,MERGED
537,1,368230.0,2363,9,5,CLOSED
538,1,890141.0,1366,6,2,CLOSED
539,4,103379.0,1978,3,4,MERGED
540,74,1253060.0,1288,35,7,MERGED
541,1,128819.0,13,4,2,MERGED
542,129,3555339.0,1264,20,10,CLOSED
543,1,761121.0,2324,1,1,MERGED
544,5,37402.0,49,2,1,MERGED
545,1,299443.0,1168,7,7,MERGED
546,1,693975.0,3035,1,1,MERGED
547,9,1123291.0,27,6,2,CLOSED
548,1,848856.0,2792,1,1,MERGED
549,1,29921.0,2311,1,3,MERGED
550,10,743486.0,2442,14,5,MERGED
551,1,23108.0,263,2,1,MERGED
552,1,299277.0,2314,5,2,MERGED
553,7,174947.0,2743,4,2,MERGED
554,3,3120387.0,1274,8,3,MERGED
555,1,1299057.0,2048,1,2,CLOSED
556,4,565249.0,2843,11,12,CLOSED
557,2,248142.0,228,5,5,MERGED
558,1,596438.0,2415,0,1,MERGED
559,1,498031.0,2057,0,1,MERGED
560,1,569760.0,2096,2,1,MERGED
561,3,1007139.0,1239,9,2,MERGED
562,1,534723.0,3421,1,1,MERGED
563,2,353055.0,1149,2,2,MERGED
564,1,464770.0,2040,1,1,MERGED
565,1,461072.0,1995,0,1,MERGED
566,2,620550.0,2221,4,2,CLOSED
567,1,2925794.0,2268,6,2,CLOSED
568,1,123146.0,1289,2,1,MERGED
569,1,1428180.0,2161,2,4,MERGED
570,2,271388.0,2524,0,1,MERGED
571,1,246697.0,0,2,1,MERGED
572,6,217982.0,2484,3,2,MERGED
573,1,262910.0,2095,1,1,MERGED
574,1,1317617.0,2313,16,2,MERGED
575,1,262737.0,2071,2,1,MERGED
576,1,35893.0,1926,0,1,MERGED
577,1,35703.0,31,1,1,MERGED
578,3,347090.0,1543,17,8,MERGED
579,1,116526.0,2112,5,3,MERGED
580,3,53001.0,223,0,1,MERGED
581,1,32230.0,96,0,1,MERGED
582,9,3878631.0,2177,10,28,MERGED
583,1,23373.0,2062,0,1,MERGED
584,1,8803.0,2044,1,1,MERGED
585,1,189673.0,2430,3,1,MERGED
586,2,79947.0,0,1,1,MERGED
587,67,6365608.0,504,65,6,CLOSED
588,1,675504.0,2813,1,1,MERGED
589,1,53952.0,1943,2,1,MERGED
590,1,38686.0,1926,0,1,MERGED
591,2,369706.0,2428,20,5,MERGED
592,1,166039.0,1926,6,2,MERGED
593,2,74465.0,555,0,1,MERGED
594,1,96626.0,2087,4,2,MERGED
595,1,425912.0,1103,6,12,MERGED
596,1,410291.0,2077,1,1,MERGED
597,19,18835.0,2235,2,1,MERGED
598,1,43262.0,1974,0,7,CLOSED
599,1,380431.0,2173,5,1,MERGED
600,2,283119.0,364,3,6,MERGED
601,1,959123.0,2026,2,1,MERGED
602,2,268894.0,13,2,1,MERGED
603,9,268399.0,1927,1,1,MERGED
604,1,854889.0,2037,8,2,MERGED
605,1,77530.0,2052,3,1,MERGED
606,1,674203.0,1984,3,1,MERGED
607,1,692478.0,2084,1,1,MERGED
608,16,320632.0,0,3,1,MERGED
609,1,50673.0,2240,1,1,MERGED
610,1,28853.0,1032,0,1,MERGED
611,1,16404.0,1991,0,1,MERGED
612,52,1303764.0,2020,7,1,CLOSED
613,1,203839.0,2268,7,2,MERGED
614,1,186439.0,1601,8,2,MERGED
615,1,1136085.0,2384,5,7,MERGED
616,1,424466.0,2113,0,1,MERGED
617,1,284903.0,2286,2,1,MERGED
618,1,1045310.0,2436,3,3,MERGED
619,1,411546.0,2121,3,1,MERGED
620,1,345798.0,1961,1,1,MERGED
621,1,298451.0,1954,1,1,MERGED
622,1,297975.0,2619,0,1,MERGED
623,1,866442.0,2651,4,3,MERGED
624,1,222567.0,2396,3,2,MERGED
625,1,192460.0,2263,2,1,MERGED
626,7,359564.0,13,4,2,MERGED
627,1,29147.0,2318,0,1,MERGED
628,1,26430.0,69,0,1,MERGED
629,78,770666.0,237,7,3,MERGED
630,2,180673.0,1642,5,1,MERGED
631,947,504020.0,955,3,2,CLOSED
632,1,353202.0,1907,2,2,MERGED
633,1,225545.0,2221,1,1,MERGED
634,1,209544.0,2270,2,1,MERGED
635,1,1912967.0,2557,5,3,MERGED
636,1,265174.0,2395,2,1,MERGED
637,1,10930.0,2135,4,2,MERGED
638,4,355157.0,1926,4,3,MERGED
639,1,148373.0,1943,3,3,MERGED
640,1,265344.0,29,0,2,MERGED
641,1,52268.0,32,0,1,MERGED
642,3,24174.0,1974,3,2,MERGED
643,1,3758.0,2026,2,1,MERGED
644,2,114919.0,2023,9,6,MERGED
645,1,66940.0,2115,3,1,MERGED
646,2,20869.0,2277,5,2,MERGED
647,2,1661634.0,1007,8,1,MERGED
648,1,956057.0,2040,3,3,MERGED
649,4,1635319.0,2061,11,9,MERGED
650,1,1647169.0,2011,2,2,MERGED
651,2,10997.0,2086,1,1,MERGED
652,1,566838.0,1955,3,1,MERGED
653,2,746450.0,2535,11,1,MERGED
654,3,702426.0,239,5,1,MERGED
655,1,134888.0,2486,7,3,MERGED
656,41,75903.0,108,4,1,MERGED
657,1,451867.0,2062,1,1,MERGED
658,6,382790.0,1943,5,1,MERGED
659,1,2733835.0,2000,10,1,MERGED
660,1,72469.0,1957,5,2,MERGED
661,1,19763.0,1014,1,1,MERGED
662,2,1232687.0,1957,12,4,MERGED
663,18,261935.0,2066,4,6,MERGED
664,28,782838.0,1979,9,9,MERGED
665,6,475582.0,1927,0,1,MERGED
666,1,5633750.0,2084,2,1,MERGED
667,1,120272.0,2196,2,1,MERGED
668,3,1891368.0,2556,14,8,MERGED
669,19,897390.0,2257,13,12,MERGED
670,2,1542280.0,2259,26,2,MERGED
671,4,1694899.0,2237,15,9,MERGED
672,1,248543.0,2117,3,4,MERGED
673,1,112862.0,2726,2,1,MERGED
674,2,211469.0,2115,12,1,MERGED
675,1,553116.0,1926,2,3,MERGED
676,1,31000.0,2198,1,1,CLOSED
677,3,1416185.0,2109,5,1,MERGED
678,8,547139.0,1926,3,3,MERGED
679,1,1302348.0,1340,6,1,CLOSED
680,1,108463.0,2058,2,3,MERGED
681,1,991000.0,1113,11,1,MERGED
682,28,52957.0,2066,1,2,MERGED
683,3,923604.0,1041,8,3,MERGED
684,1,594405.0,2063,2,2,MERGED
685,1,10092.0,1964,1,1,MERGED
686,1,76319.0,2002,3,1,MERGED
687,9,2712059.0,29,23,3,MERGED
688,1,113014.0,1926,4,1,MERGED
689,1,76517.0,2131,2,1,MERGED
690,1,34938.0,2362,1,3,MERGED
691,1,63238.0,2086,6,1,MERGED
692,15,614045.0,2037,4,1,MERGED
693,1,9316.0,1957,1,1,MERGED
694,4,5276706.0,217,3,1,CLOSED
695,1,692934.0,137,2,7,MERGED
696,8,5057498.0,2466,7,2,CLOSED
697,1,44247.0,2057,2,1,MERGED
698,1,598460.0,2081,6,2,MERGED
699,1,225479.0,2241,2,3,MERGED
700,3,181844.0,2626,3,1,MERGED
701,1,5192.0,950,1,1,CLOSED
702,1,181739.0,1987,3,1,MERGED
703,1,123343.0,1973,3,1,MERGED
704,4,1638525.0,2405,9,14,MERGED
705,2,80252.0,1949,3,2,MERGED
706,7,610543.0,24,18,29,MERGED
707,1,959254.0,267,4,5,CLOSED
708,1,32016.0,1988,0,1,MERGED
709,1,946385.0,1950,2,5,MERGED
710,1,2798427.0,2068,0,1,MERGED
711,1,29088.0,2269,0,1,MERGED
712,1,69960.0,2630,5,2,MERGED
713,1,692483.0,1932,4,3,MERGED
714,2,1726524.0,1989,3,3,MERGED
715,1,2485692.0,1926,4,1,MERGED
716,1,292905.0,1999,2,1,MERGED
717,1,1435428.0,2001,4,1,MERGED
718,1,1398663.0,1991,4,5,MERGED
719,1,9090.0,2017,2,1,MERGED
720,1,306454.0,2179,5,2,MERGED
721,2,3546921.0,2118,1,7,CLOSED
722,1,137186.0,2156,6,1,MERGED
723,1,117744.0,2199,8,1,MERGED
724,2,59576.0,2038,7,3,MERGED
725,2,390056.0,2176,4,2,MERGED
726,1,958867.0,2003,11,2,MERGED
727,1,114726.0,1971,1,2,MERGED
728,1,65129.0,2061,9,1,MERGED
729,5,1511002.0,2153,5,1,MERGED
730,1,262779.0,2017,9,2,MERGED
731,1,642367.0,1967,2,1,MERGED
732,3,58290.0,1998,5,2,CLOSED
733,1,20679.0,2299,1,1,MERGED
734,1,293571.0,2247,4,1,MERGED
735,1,247067.0,1997,2,1,MERGED
736,2,407147.0,2117,7,2,MERGED
737,1,709379.0,2223,2,1,MERGED
738,1,1218769.0,2182,2,1,CLOSED
739,22,63517.0,2014,1,1,MERGED
740,1,757382.0,2965,7,1,MERGED
741,1,254406.0,3407,0,1,MERGED
742,1,253965.0,3671,0,1,MERGED
743,1,253324.0,3218,0,1,MERGED
744,1,253089.0,2532,2,1,MERGED
745,1,250318.0,3773,1,1,MERGED
746,1,15769.0,2139,1,1,MERGED
747,1,854860.0,2408,6,2,MERGED
748,1,262982.0,2092,2,1,MERGED
749,1,288231.0,2418,2,1,MERGED
750,1,84706.0,2044,4,1,MERGED
751,1,142336.0,1084,2,1,MERGED
752,1,975454.0,1055,5,1,MERGED
753,1,40209.0,970,0,1,MERGED
754,5,996431.0,0,1,1,CLOSED
755,4,5116.0,1926,4,3,MERGED
756,1,283284.0,2856,6,1,MERGED
757,1,97927.0,2909,0,1,MERGED
758,5,324430.0,14,0,2,CLOSED
759,15,323421.0,0,2,1,CLOSED
760,1,21726.0,3109,3,1,MERGED
761,1,224528.0,3247,6,2,MERGED
762,7,341379.0,2,3,7,MERGED
763,1,122900.0,2443,2,1,MERGED
764,1,122048.0,3363,3,1,MERGED
765,1,352162.0,1385,7,1,MERGED
766,172,306916.0,205,7,1,MERGED
767,1,172311.0,3047,2,1,MERGED
768,1,45973.0,13,2,1,MERGED
769,1,17948.0,89,1,1,MERGED
770,1,1312066.0,2730,6,1,MERGED
771,1,12190.0,2076,0,1,MERGED
772,1,40536.0,1992,5,1,MERGED
773,23,5192.0,149,1,1,MERGED
774,8,82631.0,545,3,1,MERGED
775,4,960425.0,1943,7,3,MERGED
776,19,84778.0,27,4,3,MERGED
777,1,71518.0,79,0,1,MERGED
778,33,56658.0,585,1,1,MERGED
779,4,33853.0,0,5,4,MERGED
780,1,6884.0,1085,0,1,MERGED
781,11,11488.0,1926,0,1,MERGED
782,12,272953.0,29,9,10,MERGED
783,1,131639.0,2091,1,1,MERGED
784,1,4157.0,0,0,1,MERGED
785,1,7111.0,2237,0,1,MERGED
786,6,66612.0,0,1,2,MERGED
787,1,13089.0,241,0,1,MERGED
788,1,12422.0,0,0,1,MERGED
789,1,35978.0,98,0,1,MERGED
790,4,14905.0,0,1,3,MERGED
791,5,21012.0,1674,5,1,MERGED
792,3,24537.0,130,0,1,MERGED
793,1,5445820.0,1964,7,3,CLOSED
794,1,9774.0,2103,0,1,MERGED
795,1,16694.0,64,5,1,CLOSED
796,1,14484.0,23,0,2,MERGED
797,1,179964.0,1926,1,2,MERGED
798,1,362951.0,2014,7,2,MERGED
799,1,129450.0,1112,0,1,MERGED
800,1,124835.0,1034,0,2,MERGED
801,1,116055.0,2063,1,1,MERGED
802,1,455123.0,1926,5,2,MERGED
803,12,125115.0,1926,0,1,MERGED
804,4,67756.0,28,1,1,MERGED
805,1,366284.0,1958,14,3,MERGED
806,1,361410.0,1015,7,1,MERGED
807,1,309128.0,1926,10,4,MERGED
808,0,246005.0,1958,10,3,CLOSED
809,41,1190938.0,2152,5,1,MERGED
810,1,9470102.0,0,3,15,CLOSED
811,1,141795.0,2339,4,1,MERGED
812,1,671591.0,1926,8,3,MERGED
813,1,400959.0,3416,2,1,MERGED
814,10,10504.0,1703,1,1,MERGED
815,1,156586.0,1926,1,1,MERGED
816,1,177624.0,1947,4,1,CLOSED
817,1,29661.0,2113,1,1,MERGED
818,3,788076.0,0,5,3,MERGED
819,1,192355.0,14,0,1,MERGED
820,1,522972.0,2007,1,1,CLOSED
821,4,898314.0,2263,3,1,MERGED
822,3,17948.0,592,1,1,MERGED
823,388,163165.0,0,1,2,MERGED
824,1,486958.0,0,0,1,MERGED
825,7,564481.0,2122,6,1,MERGED
826,1,137760.0,0,0,1,MERGED
827,10,176792.0,370,2,2,MERGED
828,11,3219203.0,0,4,5,MERGED
829,2,58591.0,56,0,1,MERGED
830,3,150396.0,1810,0,1,MERGED
831,1,4486.0,2448,0,1,MERGED
832,6,2690599.0,2037,2,1,MERGED
833,1,624587.0,1926,2,1,CLOSED
834,1,161719.0,2208,2,1,CLOSED
835,1,1425931.0,207,7,3,MERGED
836,1,293265.0,1913,2,1,MERGED
837,2,945794.0,1928,1,1,MERGED
838,1,2145151.0,1057,2,3,CLOSED
839,2,585058.0,2705,1,3,MERGED
840,2,2830114.0,2152,2,1,CLOSED
841,13,8296.0,0,0,1,MERGED
842,2,17940.0,0,0,1,MERGED
843,53,2748397.0,0,0,1,CLOSED
844,5,1848372.0,2309,1,1,MERGED
845,1,1945246.0,2112,1,1,MERGED
846,5,28451.0,0,0,1,MERGED
847,7,2175138.0,2107,7,2,MERGED
848,6,5106.0,0,0,2,MERGED
849,1,1570790.0,2912,1,1,MERGED
850,1,132185.0,111,2,1,MERGED
851,19,34040334.0,36,13,4,MERGED
852,1,18268.0,1825,0,1,MERGED
853,1,144013.0,2088,0,2,MERGED
854,519,6488.0,104,1,2,MERGED
